Malware,IP,ASN,Country,ISP,Organization
Aurora,94.142.138.38,AS211409,Netherlands (NL),Galaxy LLC,Galaxy LLC
Aurora,159.69.108.164,AS24940,Germany (DE),Hetzner Online GmbH,Hetzner
Aurora,167.235.134.202,AS24940,Germany (DE),Hetzner Online GmbH,Hetzner Online GmbH
Aurora,163.172.13.53,AS12876,France (FR),Online S.A.S.,ONLINE
Aurora,82.115.223.249,AS202973,Netherlands (NL),Partner LLC,Flameochka Servers
Aurora,94.142.138.18,AS211409,Netherlands (NL),Galaxy LLC,Galaxy LLC
Aurora,185.219.220.239,AS39378,Germany (DE),VPS2day.com - FFM2,ALLSYS Limited Niederlassung Deutschland
Aurora,45.15.156.54,AS211409,Netherlands (NL),Galaxy LLC,Galaxy LLC
Aurora,94.142.138.71,AS211409,Netherlands (NL),Galaxy LLC,Galaxy LLC
Aurora,94.142.138.32,AS211409,Netherlands (NL),Galaxy LLC,Galaxy LLC
Aurora,94.142.138.14,AS211409,Netherlands (NL),Galaxy LLC,Galaxy LLC
Aurora,94.142.138.4,AS211409,Netherlands (NL),Galaxy LLC,Galaxy LLC
Aurora,45.15.156.210,AS211409,Netherlands (NL),Galaxy LLC,Galaxy LLC
Aurora,45.15.156.250,AS211409,Netherlands (NL),Galaxy LLC,Galaxy LLC
Aurora,45.15.156.182,AS211409,Netherlands (NL),Galaxy LLC,Galaxy LLC
Aurora,193.29.62.24,AS63473,United States (US),HostHatch,HostHatch LLC
Aurora,94.142.138.100,AS211409,Netherlands (NL),Galaxy LLC,Galaxy LLC
Aurora,37.220.87.13,AS204603,Uzbekistan (UZ),Partner LLC,LetHost LLC
Aurora,94.142.138.50,AS211409,Netherlands (NL),Galaxy LLC,Galaxy LLC
Aurora,5.75.175.231,AS24940,Germany (DE),Hetzner Online GmbH,Hetzner
Aurora,45.15.156.172,AS211409,Netherlands (NL),Galaxy LLC,Galaxy LLC
Aurora,45.9.74.156,AS204603,Germany (DE),Partner LLC,LetHost LLC
Aurora,94.142.138.60,AS211409,Netherlands (NL),Galaxy LLC,Galaxy LLC
Aurora,94.142.138.34,AS211409,Netherlands (NL),Galaxy LLC,Galaxy LLC
Aurora,94.142.138.84,AS211409,Netherlands (NL),Galaxy LLC,Galaxy LLC
Aurora,77.73.134.7,AS204603,Austria (AT),Partner LLC,LetHost LLC
Aurora,167.235.18.89,AS24940,Germany (DE),Hetzner Online GmbH,Hetzner Online GmbH
Aurora,45.15.156.184,AS211409,Netherlands (NL),Galaxy LLC,Galaxy LLC
Aurora,103.179.143.146,AS149440,United Kingdom (GB),Evoxt Enterprise,
Aurora,45.15.156.209,AS211409,Netherlands (NL),Galaxy LLC,Galaxy LLC
Aurora,94.142.138.23,AS211409,Netherlands (NL),Galaxy LLC,Galaxy LLC
Aurora,45.15.157.130,AS202973,Germany (DE),Partner LLC,Sulfur Hosting
Aurora,109.172.45.197,AS210644,Sweden (SE),AEZA GROUP Ltd,Aeza Group LLC
Aurora,193.188.23.177,AS207651,Netherlands (NL),Hosting technology LTD,Hosting technology LTD
Aurora,45.15.156.175,AS211409,Netherlands (NL),Galaxy LLC,Galaxy LLC
Aurora,185.181.10.117,AS47447,Germany (DE),FRANKFURT-VPSSERVERCOM,
Aurora,94.142.138.73,AS211409,Netherlands (NL),Galaxy LLC,Galaxy LLC
Aurora,45.15.156.151,AS211409,Netherlands (NL),Galaxy LLC,Galaxy LLC
Aurora,94.142.138.29,AS211409,Netherlands (NL),Galaxy LLC,Galaxy LLC
Aurora,159.69.80.167,AS24940,Germany (DE),Hetzner Online GmbH,Hetzner
Aurora,77.91.77.67,AS210546,United States (US),Miglovets Egor Andreevich,Adeno Solutions
Aurora,94.142.138.64,AS211409,Netherlands (NL),Galaxy LLC,Galaxy LLC
Aurora,45.15.156.140,AS211409,Netherlands (NL),Galaxy LLC,Galaxy LLC
Aurora,185.106.93.132,AS211409,Russia (RU),Galaxy LLC,Galaxy LLC
Aurora,82.115.223.135,AS202973,Netherlands (NL),Partner LLC,Flameochka Servers
Aurora,185.106.93.203,AS211409,Russia (RU),Galaxy LLC,Galaxy LLC
Aurora,185.219.80.224,AS204601,Netherlands (NL),Zomro B.V.,Zomro B.V
Aurora,49.12.203.54,AS24940,Germany (DE),Hetzner Online GmbH,Hetzner
Aurora,94.142.138.94,AS211409,Netherlands (NL),Galaxy LLC,Galaxy LLC
Aurora,79.137.133.225,AS207651,Netherlands (NL),Hosting technology LTD,Hosting technology LTD
Aurora,45.84.1.87,AS44477,Russia (RU),Stark Industries Solutions LTD,Stark Industries Solutions LTD
Aurora,199.247.24.79,AS20473,Netherlands (NL),The Constant Company LLC,Vultr Holdings LLC Amsterdam
