Malware,IP,ASN,Country,ISP,Organization
raccoonv2,94.142.138.60,AS211409,Netherlands (NL),Shelter LLC,Shelter LLC
raccoonv2,217.138.215.104,AS9009,Netherlands (NL),M247 Europe SRL,M247 Ltd Amsterdam
raccoonv2,37.49.230.139,AS213371,Netherlands (NL),ABC Consultancy,ABC Consultancy
raccoonv2,45.15.156.87,AS211409,Netherlands (NL),Shelter LLC,Shelter LLC
raccoonv2,94.142.138.156,AS211409,Netherlands (NL),Shelter LLC,Shelter LLC
raccoonv2,146.70.86.45,AS9009,Netherlands (NL),M247 Europe Infra,M247 Ltd Amsterdam
raccoonv2,206.166.251.138,AS399629,Netherlands (NL),BL Networks,BL Networks NL
raccoonv2,94.142.138.49,AS211409,Netherlands (NL),Shelter LLC,Shelter LLC
raccoonv2,94.142.138.200,AS211409,Netherlands (NL),Shelter LLC,Shelter LLC
raccoonv2,5.42.65.69,AS204603,Netherlands (NL),Partner LLC,Lethost LLC
raccoonv2,45.9.74.99,AS204603,Germany (DE),Partner LLC,LetHost LLC
raccoonv2,37.49.230.54,AS213371,Netherlands (NL),ABC Consultancy,ABC Consultancy
raccoonv2,146.70.86.53,AS9009,Netherlands (NL),M247 Europe Infra,M247 Ltd Amsterdam
raccoonv2,217.196.96.237,AS202973,United States (US),Partner LLC,Shinomiya Hosting
raccoonv2,79.137.207.36,AS210644,Germany (DE),AEZA GROUP Ltd,Aeza Group LLC
raccoonv2,94.142.138.31,AS211409,Netherlands (NL),Shelter LLC,Shelter LLC
raccoonv2,185.106.94.215,AS210644,Austria (AT),AEZA GROUP Ltd,Aeza Group LLC
raccoonv2,45.143.223.133,AS213371,Netherlands (NL),ABC Consultancy,ABC Consultancy
raccoonv2,146.70.86.27,AS9009,Netherlands (NL),M247 Europe Infra,M247 Ltd Amsterdam
raccoonv2,94.142.138.193,AS211409,Netherlands (NL),Shelter LLC,Shelter LLC
raccoonv2,162.33.179.159,AS399629,United States (US),BL Networks,BL Networks
raccoonv2,82.115.223.57,AS202973,Netherlands (NL),Partner LLC,Flameochka Servers
raccoonv2,91.215.85.225,AS200593,Russia (RU),Prospero OOO,Prospero OOO
raccoonv2,91.215.85.226,AS200593,Russia (RU),Prospero OOO,Prospero OOO
raccoonv2,94.142.138.108,AS211409,Netherlands (NL),Shelter LLC,Shelter LLC
raccoonv2,94.142.138.74,AS211409,Netherlands (NL),Shelter LLC,Shelter LLC
